时间戳记,user_id,age,gender,total_score,total_time,question_3d_image_list,question_options_list,question_answer_list,grid_size_list,score_list,time_list,sports,tiredness
,,,,,,,,,,,,,
,,,,,,,,,,,,,
2024-3-4 下午02:48:30,CLCM,20,Female,0,192.1406772,"./Figures/SRQ_1.png, ./Figures/SRQ_2.png, ./Figures/SRQ_3.png, ./Figures/SRQ_4.png, ./Figures/SRQ_5.png, ./Figures/SRQ_6.png, ./Figures/SRQ_7.png, ./Figures/SRQ_8.png, ./Figures/SRQ_9.png","./Figures/SRQ_1_a.png, ./Figures/SRQ_1_b.png, ./Figures/SRQ_1_d.png, ./Figures/SRQ_1_c.png, ./Figures/SRQ_2_c.png, ./Figures/SRQ_2_b.png, ./Figures/SRQ_2_a.png, ./Figures/SRQ_2_d.png, ./Figures/SRQ_3_d.png, ./Figures/SRQ_3_c.png, ./Figures/SRQ_3_b.png, ./Figures/SRQ_3_a.png, ./Figures/SRQ_4_c.png, ./Figures/SRQ_4_a.png, ./Figures/SRQ_4_b.png, ./Figures/SRQ_4_d.png, ./Figures/SRQ_5_a.png, ./Figures/SRQ_5_c.png, ./Figures/SRQ_5_d.png, ./Figures/SRQ_5_b.png, ./Figures/SRQ_6_d.png, ./Figures/SRQ_6_c.png, ./Figures/SRQ_6_a.png, ./Figures/SRQ_6_b.png, ./Figures/SRQ_7_c.png, ./Figures/SRQ_7_d.png, ./Figures/SRQ_7_a.png, ./Figures/SRQ_7_b.png, ./Figures/SRQ_8_a.png, ./Figures/SRQ_8_b.png, ./Figures/SRQ_8_c.png, ./Figures/SRQ_8_d.png, ./Figures/SRQ_9_d.png, ./Figures/SRQ_9_c.png, ./Figures/SRQ_9_a.png, ./Figures/SRQ_9_b.png","c, d, a, d, b, b, b, d, b","3, 3, 3, 4, 4, 4, 5, 5, 5","0, 0, 0, 0, 0, 0, 0, 0, 0","21.7290141582489, 15.720546007156372, 25, 20.961015462875366, 25, 21.773963689804077, 16.51002025604248, 23.837563276290894, 21.608554363250732",Sometime(1-2 days per week),3
2024-3-4 下午02:56:20,JYNK,20,Female,2,225,"./Figures/SRQ_1.png, ./Figures/SRQ_2.png, ./Figures/SRQ_3.png, ./Figures/SRQ_4.png, ./Figures/SRQ_5.png, ./Figures/SRQ_6.png, ./Figures/SRQ_7.png, ./Figures/SRQ_8.png, ./Figures/SRQ_9.png","./Figures/SRQ_1_a.png, ./Figures/SRQ_1_b.png, ./Figures/SRQ_1_d.png, ./Figures/SRQ_1_c.png, ./Figures/SRQ_2_c.png, ./Figures/SRQ_2_b.png, ./Figures/SRQ_2_a.png, ./Figures/SRQ_2_d.png, ./Figures/SRQ_3_d.png, ./Figures/SRQ_3_c.png, ./Figures/SRQ_3_b.png, ./Figures/SRQ_3_a.png, ./Figures/SRQ_4_c.png, ./Figures/SRQ_4_a.png, ./Figures/SRQ_4_b.png, ./Figures/SRQ_4_d.png, ./Figures/SRQ_5_a.png, ./Figures/SRQ_5_c.png, ./Figures/SRQ_5_d.png, ./Figures/SRQ_5_b.png, ./Figures/SRQ_6_d.png, ./Figures/SRQ_6_c.png, ./Figures/SRQ_6_a.png, ./Figures/SRQ_6_b.png, ./Figures/SRQ_7_c.png, ./Figures/SRQ_7_d.png, ./Figures/SRQ_7_a.png, ./Figures/SRQ_7_b.png, ./Figures/SRQ_8_a.png, ./Figures/SRQ_8_b.png, ./Figures/SRQ_8_c.png, ./Figures/SRQ_8_d.png, ./Figures/SRQ_9_d.png, ./Figures/SRQ_9_c.png, ./Figures/SRQ_9_a.png, ./Figures/SRQ_9_b.png","c, d, a, d, b, b, b, d, b","3, 3, 3, 4, 4, 4, 5, 5, 5","0, 0, 0, 1, 0, 1, 0, 0, 0","25, 25, 25, 25, 25, 25, 25, 25, 25",Sometime(1-2 days per week),2
2024-3-4 下午03:21:36,YNBT,20,Female,4,181.4789841,"./Figures/SRQ_1.png, ./Figures/SRQ_2.png, ./Figures/SRQ_3.png, ./Figures/SRQ_4.png, ./Figures/SRQ_5.png, ./Figures/SRQ_6.png, ./Figures/SRQ_7.png, ./Figures/SRQ_8.png, ./Figures/SRQ_9.png","./Figures/SRQ_1_a.png, ./Figures/SRQ_1_b.png, ./Figures/SRQ_1_d.png, ./Figures/SRQ_1_c.png, ./Figures/SRQ_2_c.png, ./Figures/SRQ_2_b.png, ./Figures/SRQ_2_a.png, ./Figures/SRQ_2_d.png, ./Figures/SRQ_3_d.png, ./Figures/SRQ_3_c.png, ./Figures/SRQ_3_b.png, ./Figures/SRQ_3_a.png, ./Figures/SRQ_4_c.png, ./Figures/SRQ_4_a.png, ./Figures/SRQ_4_b.png, ./Figures/SRQ_4_d.png, ./Figures/SRQ_5_a.png, ./Figures/SRQ_5_c.png, ./Figures/SRQ_5_d.png, ./Figures/SRQ_5_b.png, ./Figures/SRQ_6_d.png, ./Figures/SRQ_6_c.png, ./Figures/SRQ_6_a.png, ./Figures/SRQ_6_b.png, ./Figures/SRQ_7_c.png, ./Figures/SRQ_7_d.png, ./Figures/SRQ_7_a.png, ./Figures/SRQ_7_b.png, ./Figures/SRQ_8_a.png, ./Figures/SRQ_8_b.png, ./Figures/SRQ_8_c.png, ./Figures/SRQ_8_d.png, ./Figures/SRQ_9_d.png, ./Figures/SRQ_9_c.png, ./Figures/SRQ_9_a.png, ./Figures/SRQ_9_b.png","c, d, a, d, b, b, b, d, b","3, 3, 3, 4, 4, 4, 5, 5, 5","0, 0, 1, 0, 1, 0, 1, 0, 1","24.09066152572632, 25, 25, 25, 25, 20.54621195793152, 20.670953035354614, 16.171157598495483",Sometime(1-2 days per week),3
2024-3-7 下午02:34:32,BZBZ,19,Female,4,149.6358397,"./Figures/SRQ_1.png, ./Figures/SRQ_2.png, ./Figures/SRQ_3.png, ./Figures/SRQ_4.png, ./Figures/SRQ_5.png, ./Figures/SRQ_6.png, ./Figures/SRQ_7.png, ./Figures/SRQ_8.png, ./Figures/SRQ_9.png","./Figures/SRQ_1_a.png, ./Figures/SRQ_1_b.png, ./Figures/SRQ_1_d.png, ./Figures/SRQ_1_c.png, ./Figures/SRQ_2_c.png, ./Figures/SRQ_2_b.png, ./Figures/SRQ_2_a.png, ./Figures/SRQ_2_d.png, ./Figures/SRQ_3_d.png, ./Figures/SRQ_3_c.png, ./Figures/SRQ_3_b.png, ./Figures/SRQ_3_a.png, ./Figures/SRQ_4_c.png, ./Figures/SRQ_4_a.png, ./Figures/SRQ_4_b.png, ./Figures/SRQ_4_d.png, ./Figures/SRQ_5_a.png, ./Figures/SRQ_5_c.png, ./Figures/SRQ_5_d.png, ./Figures/SRQ_5_b.png, ./Figures/SRQ_6_d.png, ./Figures/SRQ_6_c.png, ./Figures/SRQ_6_a.png, ./Figures/SRQ_6_b.png, ./Figures/SRQ_7_c.png, ./Figures/SRQ_7_d.png, ./Figures/SRQ_7_a.png, ./Figures/SRQ_7_b.png, ./Figures/SRQ_8_a.png, ./Figures/SRQ_8_b.png, ./Figures/SRQ_8_c.png, ./Figures/SRQ_8_d.png, ./Figures/SRQ_9_d.png, ./Figures/SRQ_9_c.png, ./Figures/SRQ_9_a.png, ./Figures/SRQ_9_b.png","c, d, a, d, b, b, b, d, b","3, 3, 3, 4, 4, 4, 5, 5, 5","1, 1, 0, 1, 1, 0, 0, 0, 0","9.01353144645691, 14.655858278274536, 11.78454041481018, 14.247212648391724, 17.390899896621704, 17.8472900390625, 20.129137992858887, 21.808259963989258, 22.759109020233154",Frequently(>5 days per week),5
2024-3-7 下午03:51:47,0717,20,Female,3,97.66482687,"./Figures/SRQ_1.png, ./Figures/SRQ_2.png, ./Figures/SRQ_3.png, ./Figures/SRQ_4.png, ./Figures/SRQ_5.png, ./Figures/SRQ_6.png, ./Figures/SRQ_7.png, ./Figures/SRQ_8.png, ./Figures/SRQ_9.png","./Figures/SRQ_1_a.png, ./Figures/SRQ_1_b.png, ./Figures/SRQ_1_d.png, ./Figures/SRQ_1_c.png, ./Figures/SRQ_2_c.png, ./Figures/SRQ_2_b.png, ./Figures/SRQ_2_a.png, ./Figures/SRQ_2_d.png, ./Figures/SRQ_3_d.png, ./Figures/SRQ_3_c.png, ./Figures/SRQ_3_b.png, ./Figures/SRQ_3_a.png, ./Figures/SRQ_4_c.png, ./Figures/SRQ_4_a.png, ./Figures/SRQ_4_b.png, ./Figures/SRQ_4_d.png, ./Figures/SRQ_5_a.png, ./Figures/SRQ_5_c.png, ./Figures/SRQ_5_d.png, ./Figures/SRQ_5_b.png, ./Figures/SRQ_6_d.png, ./Figures/SRQ_6_c.png, ./Figures/SRQ_6_a.png, ./Figures/SRQ_6_b.png, ./Figures/SRQ_7_c.png, ./Figures/SRQ_7_d.png, ./Figures/SRQ_7_a.png, ./Figures/SRQ_7_b.png, ./Figures/SRQ_8_a.png, ./Figures/SRQ_8_b.png, ./Figures/SRQ_8_c.png, ./Figures/SRQ_8_d.png, ./Figures/SRQ_9_d.png, ./Figures/SRQ_9_c.png, ./Figures/SRQ_9_a.png, ./Figures/SRQ_9_b.png","c, d, a, d, b, b, b, d, b","3, 3, 3, 4, 4, 4, 5, 5, 5","0, 1, 0, 1, 0, 1, 0, 0, 0","4.865718364715576, 3.671917200088501, 11.048298835754395, 10.142794132232666, 12.256710529327393, 7.76706862449646, 7.823438405990601, 22.45665693283081, 17.6322238445282",Never(0 days per week),4
2024-3-7 下午04:28:16,FAUZ,21,Female,2,153.5107644,"./Figures/SRQ_1.png, ./Figures/SRQ_2.png, ./Figures/SRQ_3.png, ./Figures/SRQ_4.png, ./Figures/SRQ_5.png, ./Figures/SRQ_6.png, ./Figures/SRQ_7.png, ./Figures/SRQ_8.png, ./Figures/SRQ_9.png","./Figures/SRQ_1_a.png, ./Figures/SRQ_1_b.png, ./Figures/SRQ_1_d.png, ./Figures/SRQ_1_c.png, ./Figures/SRQ_2_c.png, ./Figures/SRQ_2_b.png, ./Figures/SRQ_2_a.png, ./Figures/SRQ_2_d.png, ./Figures/SRQ_3_d.png, ./Figures/SRQ_3_c.png, ./Figures/SRQ_3_b.png, ./Figures/SRQ_3_a.png, ./Figures/SRQ_4_c.png, ./Figures/SRQ_4_a.png, ./Figures/SRQ_4_b.png, ./Figures/SRQ_4_d.png, ./Figures/SRQ_5_a.png, ./Figures/SRQ_5_c.png, ./Figures/SRQ_5_d.png, ./Figures/SRQ_5_b.png, ./Figures/SRQ_6_d.png, ./Figures/SRQ_6_c.png, ./Figures/SRQ_6_a.png, ./Figures/SRQ_6_b.png, ./Figures/SRQ_7_c.png, ./Figures/SRQ_7_d.png, ./Figures/SRQ_7_a.png, ./Figures/SRQ_7_b.png, ./Figures/SRQ_8_a.png, ./Figures/SRQ_8_b.png, ./Figures/SRQ_8_c.png, ./Figures/SRQ_8_d.png, ./Figures/SRQ_9_d.png, ./Figures/SRQ_9_c.png, ./Figures/SRQ_9_a.png, ./Figures/SRQ_9_b.png","c, d, a, d, b, b, b, d, b","3, 3, 3, 4, 4, 4, 5, 5, 5","1, 0, 1, 0, 0, 0, 0, 0, 0","22.2737774848938, 25.01683235168457, 14.086344957351685, 17.371010303497314, 25.018314838409424, 19.580432653427124, 17.396557092666626, 2.6692991256713867, 10.098195552825928",Never(0 days per week),0
2024-3-7 下午05:15:44,GG99,19,Male,5,152.2179697,"./Figures/SRQ_1.png, ./Figures/SRQ_2.png, ./Figures/SRQ_3.png, ./Figures/SRQ_4.png, ./Figures/SRQ_5.png, ./Figures/SRQ_6.png, ./Figures/SRQ_7.png, ./Figures/SRQ_8.png, ./Figures/SRQ_9.png","./Figures/SRQ_1_a.png, ./Figures/SRQ_1_b.png, ./Figures/SRQ_1_d.png, ./Figures/SRQ_1_c.png, ./Figures/SRQ_2_c.png, ./Figures/SRQ_2_b.png, ./Figures/SRQ_2_a.png, ./Figures/SRQ_2_d.png, ./Figures/SRQ_3_d.png, ./Figures/SRQ_3_c.png, ./Figures/SRQ_3_b.png, ./Figures/SRQ_3_a.png, ./Figures/SRQ_4_c.png, ./Figures/SRQ_4_a.png, ./Figures/SRQ_4_b.png, ./Figures/SRQ_4_d.png, ./Figures/SRQ_5_a.png, ./Figures/SRQ_5_c.png, ./Figures/SRQ_5_d.png, ./Figures/SRQ_5_b.png, ./Figures/SRQ_6_d.png, ./Figures/SRQ_6_c.png, ./Figures/SRQ_6_a.png, ./Figures/SRQ_6_b.png, ./Figures/SRQ_7_c.png, ./Figures/SRQ_7_d.png, ./Figures/SRQ_7_a.png, ./Figures/SRQ_7_b.png, ./Figures/SRQ_8_a.png, ./Figures/SRQ_8_b.png, ./Figures/SRQ_8_c.png, ./Figures/SRQ_8_d.png, ./Figures/SRQ_9_d.png, ./Figures/SRQ_9_c.png, ./Figures/SRQ_9_a.png, ./Figures/SRQ_9_b.png","c, d, a, d, b, b, b, d, b","3, 3, 3, 4, 4, 4, 5, 5, 5","0, 0, 1, 1, 0, 1, 1, 0, 1","9.408838987350464, 12.656155586242676, 8.358649492263794, 16.375527143478394, 22.175699949264526, 22.39221692085266, 23.408949613571167, 12.744571924209595, 24.697360038757324",Often(3-4 days per week),5
2024-3-7 下午05:24:25,1145,21,Male,1,163.9000125,"./Figures/SRQ_1.png, ./Figures/SRQ_2.png, ./Figures/SRQ_3.png, ./Figures/SRQ_4.png, ./Figures/SRQ_5.png, ./Figures/SRQ_6.png, ./Figures/SRQ_7.png, ./Figures/SRQ_8.png, ./Figures/SRQ_9.png","./Figures/SRQ_1_a.png, ./Figures/SRQ_1_b.png, ./Figures/SRQ_1_d.png, ./Figures/SRQ_1_c.png, ./Figures/SRQ_2_c.png, ./Figures/SRQ_2_b.png, ./Figures/SRQ_2_a.png, ./Figures/SRQ_2_d.png, ./Figures/SRQ_3_d.png, ./Figures/SRQ_3_c.png, ./Figures/SRQ_3_b.png, ./Figures/SRQ_3_a.png, ./Figures/SRQ_4_c.png, ./Figures/SRQ_4_a.png, ./Figures/SRQ_4_b.png, ./Figures/SRQ_4_d.png, ./Figures/SRQ_5_a.png, ./Figures/SRQ_5_c.png, ./Figures/SRQ_5_d.png, ./Figures/SRQ_5_b.png, ./Figures/SRQ_6_d.png, ./Figures/SRQ_6_c.png, ./Figures/SRQ_6_a.png, ./Figures/SRQ_6_b.png, ./Figures/SRQ_7_c.png, ./Figures/SRQ_7_d.png, ./Figures/SRQ_7_a.png, ./Figures/SRQ_7_b.png, ./Figures/SRQ_8_a.png, ./Figures/SRQ_8_b.png, ./Figures/SRQ_8_c.png, ./Figures/SRQ_8_d.png, ./Figures/SRQ_9_d.png, ./Figures/SRQ_9_c.png, ./Figures/SRQ_9_a.png, ./Figures/SRQ_9_b.png","c, d, a, d, b, b, b, d, b","3, 3, 3, 4, 4, 4, 5, 5, 5","1, 0, 0, 0, 0, 0, 0, 0, 0","12.997244596481323, 11.73509669303894, 19.601235151290894, 23.62332057952881, 22.463929653167725, 20.62369704246521, 18.208393812179565, 20.231643676757812, 14.415451288223267",Frequently(>5 days per week),2
2024-3-7 下午05:55:52,LHNB,20,Male,6,139.820328,"./Figures/SRQ_1.png, ./Figures/SRQ_2.png, ./Figures/SRQ_3.png, ./Figures/SRQ_4.png, ./Figures/SRQ_5.png, ./Figures/SRQ_6.png, ./Figures/SRQ_7.png, ./Figures/SRQ_8.png, ./Figures/SRQ_9.png","./Figures/SRQ_1_a.png, ./Figures/SRQ_1_b.png, ./Figures/SRQ_1_d.png, ./Figures/SRQ_1_c.png, ./Figures/SRQ_2_c.png, ./Figures/SRQ_2_b.png, ./Figures/SRQ_2_a.png, ./Figures/SRQ_2_d.png, ./Figures/SRQ_3_d.png, ./Figures/SRQ_3_c.png, ./Figures/SRQ_3_b.png, ./Figures/SRQ_3_a.png, ./Figures/SRQ_4_c.png, ./Figures/SRQ_4_a.png, ./Figures/SRQ_4_b.png, ./Figures/SRQ_4_d.png, ./Figures/SRQ_5_a.png, ./Figures/SRQ_5_c.png, ./Figures/SRQ_5_d.png, ./Figures/SRQ_5_b.png, ./Figures/SRQ_6_d.png, ./Figures/SRQ_6_c.png, ./Figures/SRQ_6_a.png, ./Figures/SRQ_6_b.png, ./Figures/SRQ_7_c.png, ./Figures/SRQ_7_d.png, ./Figures/SRQ_7_a.png, ./Figures/SRQ_7_b.png, ./Figures/SRQ_8_a.png, ./Figures/SRQ_8_b.png, ./Figures/SRQ_8_c.png, ./Figures/SRQ_8_d.png, ./Figures/SRQ_9_d.png, ./Figures/SRQ_9_c.png, ./Figures/SRQ_9_a.png, ./Figures/SRQ_9_b.png","c, d, a, d, b, b, b, d, b","3, 3, 3, 4, 4, 4, 5, 5, 5","0, 0, 1, 0, 1, 1, 1, 1, 1","25, 16.660452365875244, 5.295839071273804, 24.056288719177246, 6.063785791397095, 24.064035654067993, 16.312092065811157, 14.360246658325195, 8.007587671279907",Frequently(>5 days per week),6
2024-3-7 下午06:15:03,SDLL,21,Female,1,187.899302,"./Figures/SRQ_1.png, ./Figures/SRQ_2.png, ./Figures/SRQ_3.png, ./Figures/SRQ_4.png, ./Figures/SRQ_5.png, ./Figures/SRQ_6.png, ./Figures/SRQ_7.png, ./Figures/SRQ_8.png, ./Figures/SRQ_9.png","./Figures/SRQ_1_a.png, ./Figures/SRQ_1_b.png, ./Figures/SRQ_1_d.png, ./Figures/SRQ_1_c.png, ./Figures/SRQ_2_c.png, ./Figures/SRQ_2_b.png, ./Figures/SRQ_2_a.png, ./Figures/SRQ_2_d.png, ./Figures/SRQ_3_d.png, ./Figures/SRQ_3_c.png, ./Figures/SRQ_3_b.png, ./Figures/SRQ_3_a.png, ./Figures/SRQ_4_c.png, ./Figures/SRQ_4_a.png, ./Figures/SRQ_4_b.png, ./Figures/SRQ_4_d.png, ./Figures/SRQ_5_a.png, ./Figures/SRQ_5_c.png, ./Figures/SRQ_5_d.png, ./Figures/SRQ_5_b.png, ./Figures/SRQ_6_d.png, ./Figures/SRQ_6_c.png, ./Figures/SRQ_6_a.png, ./Figures/SRQ_6_b.png, ./Figures/SRQ_7_c.png, ./Figures/SRQ_7_d.png, ./Figures/SRQ_7_a.png, ./Figures/SRQ_7_b.png, ./Figures/SRQ_8_a.png, ./Figures/SRQ_8_b.png, ./Figures/SRQ_8_c.png, ./Figures/SRQ_8_d.png, ./Figures/SRQ_9_d.png, ./Figures/SRQ_9_c.png, ./Figures/SRQ_9_a.png, ./Figures/SRQ_9_b.png","c, d, a, d, b, b, b, d, b","3, 3, 3, 4, 4, 4, 5, 5, 5","0, 0, 0, 0, 0, 1, 0, 0, 0","13.961670875549316, 15.048933506011963, 25, 24.549359560012817, 25, 21.07764220237732, 25, 21.349915266036987, 16.91178059577942",Often(3-4 days per week),5
2024-3-8 下午01:02:15,HYZY,21,Male,5,175.2563674,"./Figures/SRQ_1.png, ./Figures/SRQ_2.png, ./Figures/SRQ_3.png, ./Figures/SRQ_4.png, ./Figures/SRQ_5.png, ./Figures/SRQ_6.png, ./Figures/SRQ_7.png, ./Figures/SRQ_8.png, ./Figures/SRQ_9.png","./Figures/SRQ_1_a.png, ./Figures/SRQ_1_b.png, ./Figures/SRQ_1_d.png, ./Figures/SRQ_1_c.png, ./Figures/SRQ_2_c.png, ./Figures/SRQ_2_b.png, ./Figures/SRQ_2_a.png, ./Figures/SRQ_2_d.png, ./Figures/SRQ_3_d.png, ./Figures/SRQ_3_c.png, ./Figures/SRQ_3_b.png, ./Figures/SRQ_3_a.png, ./Figures/SRQ_4_c.png, ./Figures/SRQ_4_a.png, ./Figures/SRQ_4_b.png, ./Figures/SRQ_4_d.png, ./Figures/SRQ_5_a.png, ./Figures/SRQ_5_c.png, ./Figures/SRQ_5_d.png, ./Figures/SRQ_5_b.png, ./Figures/SRQ_6_d.png, ./Figures/SRQ_6_c.png, ./Figures/SRQ_6_a.png, ./Figures/SRQ_6_b.png, ./Figures/SRQ_7_c.png, ./Figures/SRQ_7_d.png, ./Figures/SRQ_7_a.png, ./Figures/SRQ_7_b.png, ./Figures/SRQ_8_a.png, ./Figures/SRQ_8_b.png, ./Figures/SRQ_8_c.png, ./Figures/SRQ_8_d.png, ./Figures/SRQ_9_d.png, ./Figures/SRQ_9_c.png, ./Figures/SRQ_9_a.png, ./Figures/SRQ_9_b.png","c, d, a, d, b, b, b, d, b","3, 3, 3, 4, 4, 4, 5, 5, 5","1, 0, 1, 0, 0, 0, 1, 1, 1","15.504519939422607, 23.440060138702393, 9.896523237228394, 24.031060218811035, 21.631685256958008, 22.37613582611084, 23.064040184020996, 22.39986252784729, 12.912480115890503",Sometime(1-2 days per week),5
,,,,,,,,,,,,,
2024-3-8 下午04:39:01,HWSY,19,Female,2,168.234062,"./Figures/SRQ_1.png, ./Figures/SRQ_2.png, ./Figures/SRQ_3.png, ./Figures/SRQ_4.png, ./Figures/SRQ_5.png, ./Figures/SRQ_6.png, ./Figures/SRQ_7.png, ./Figures/SRQ_8.png, ./Figures/SRQ_9.png","./Figures/SRQ_1_a.png, ./Figures/SRQ_1_b.png, ./Figures/SRQ_1_d.png, ./Figures/SRQ_1_c.png, ./Figures/SRQ_2_c.png, ./Figures/SRQ_2_b.png, ./Figures/SRQ_2_a.png, ./Figures/SRQ_2_d.png, ./Figures/SRQ_3_d.png, ./Figures/SRQ_3_c.png, ./Figures/SRQ_3_b.png, ./Figures/SRQ_3_a.png, ./Figures/SRQ_4_c.png, ./Figures/SRQ_4_a.png, ./Figures/SRQ_4_b.png, ./Figures/SRQ_4_d.png, ./Figures/SRQ_5_a.png, ./Figures/SRQ_5_c.png, ./Figures/SRQ_5_d.png, ./Figures/SRQ_5_b.png, ./Figures/SRQ_6_d.png, ./Figures/SRQ_6_c.png, ./Figures/SRQ_6_a.png, ./Figures/SRQ_6_b.png, ./Figures/SRQ_7_c.png, ./Figures/SRQ_7_d.png, ./Figures/SRQ_7_a.png, ./Figures/SRQ_7_b.png, ./Figures/SRQ_8_a.png, ./Figures/SRQ_8_b.png, ./Figures/SRQ_8_c.png, ./Figures/SRQ_8_d.png, ./Figures/SRQ_9_d.png, ./Figures/SRQ_9_c.png, ./Figures/SRQ_9_a.png, ./Figures/SRQ_9_b.png","c, d, a, d, b, b, b, d, b","3, 3, 3, 4, 4, 4, 5, 5, 5","0, 0, 1, 0, 0, 0, 0, 1, 0","11.149102210998535, 16.813353061676025, 11.621002197265625, 22.263988971710205, 24.370687007904053, 25.014623165130615, 19.89306616783142, 21.3767249584198, 15.73151421546936",Never(0 days per week),10
2024-3-8 下午06:03:04,MLAW,21,Male,2,134.8167398,"./Figures/SRQ_1.png, ./Figures/SRQ_2.png, ./Figures/SRQ_3.png, ./Figures/SRQ_4.png, ./Figures/SRQ_5.png, ./Figures/SRQ_6.png, ./Figures/SRQ_7.png, ./Figures/SRQ_8.png, ./Figures/SRQ_9.png","./Figures/SRQ_1_a.png, ./Figures/SRQ_1_b.png, ./Figures/SRQ_1_d.png, ./Figures/SRQ_1_c.png, ./Figures/SRQ_2_c.png, ./Figures/SRQ_2_b.png, ./Figures/SRQ_2_a.png, ./Figures/SRQ_2_d.png, ./Figures/SRQ_3_d.png, ./Figures/SRQ_3_c.png, ./Figures/SRQ_3_b.png, ./Figures/SRQ_3_a.png, ./Figures/SRQ_4_c.png, ./Figures/SRQ_4_a.png, ./Figures/SRQ_4_b.png, ./Figures/SRQ_4_d.png, ./Figures/SRQ_5_a.png, ./Figures/SRQ_5_c.png, ./Figures/SRQ_5_d.png, ./Figures/SRQ_5_b.png, ./Figures/SRQ_6_d.png, ./Figures/SRQ_6_c.png, ./Figures/SRQ_6_a.png, ./Figures/SRQ_6_b.png, ./Figures/SRQ_7_c.png, ./Figures/SRQ_7_d.png, ./Figures/SRQ_7_a.png, ./Figures/SRQ_7_b.png, ./Figures/SRQ_8_a.png, ./Figures/SRQ_8_b.png, ./Figures/SRQ_8_c.png, ./Figures/SRQ_8_d.png, ./Figures/SRQ_9_d.png, ./Figures/SRQ_9_c.png, ./Figures/SRQ_9_a.png, ./Figures/SRQ_9_b.png","c, d, a, d, b, b, b, d, b","3, 3, 3, 4, 4, 4, 5, 5, 5","0, 0, 1, 0, 0, 0, 1, 0, 0","25.02355694770813, 16.705193758010864, 7.110463619232178, 9.89639139175415, 11.722734689712524, 12.096999406814575, 15.5473952293396, 20.649346590042114, 16.064658164978027",Sometime(1-2 days per week),0
2024-3-8 下午06:10:48,FZFZ,22,Male,0,113.3254848,"./Figures/SRQ_1.png, ./Figures/SRQ_2.png, ./Figures/SRQ_3.png, ./Figures/SRQ_4.png, ./Figures/SRQ_5.png, ./Figures/SRQ_6.png, ./Figures/SRQ_7.png, ./Figures/SRQ_8.png, ./Figures/SRQ_9.png","./Figures/SRQ_1_a.png, ./Figures/SRQ_1_b.png, ./Figures/SRQ_1_d.png, ./Figures/SRQ_1_c.png, ./Figures/SRQ_2_c.png, ./Figures/SRQ_2_b.png, ./Figures/SRQ_2_a.png, ./Figures/SRQ_2_d.png, ./Figures/SRQ_3_d.png, ./Figures/SRQ_3_c.png, ./Figures/SRQ_3_b.png, ./Figures/SRQ_3_a.png, ./Figures/SRQ_4_c.png, ./Figures/SRQ_4_a.png, ./Figures/SRQ_4_b.png, ./Figures/SRQ_4_d.png, ./Figures/SRQ_5_a.png, ./Figures/SRQ_5_c.png, ./Figures/SRQ_5_d.png, ./Figures/SRQ_5_b.png, ./Figures/SRQ_6_d.png, ./Figures/SRQ_6_c.png, ./Figures/SRQ_6_a.png, ./Figures/SRQ_6_b.png, ./Figures/SRQ_7_c.png, ./Figures/SRQ_7_d.png, ./Figures/SRQ_7_a.png, ./Figures/SRQ_7_b.png, ./Figures/SRQ_8_a.png, ./Figures/SRQ_8_b.png, ./Figures/SRQ_8_c.png, ./Figures/SRQ_8_d.png, ./Figures/SRQ_9_d.png, ./Figures/SRQ_9_c.png, ./Figures/SRQ_9_a.png, ./Figures/SRQ_9_b.png","c, d, a, d, b, b, b, d, b","3, 3, 3, 4, 4, 4, 5, 5, 5","0, 0, 0, 0, 0, 0, 0, 0, 0","6.624030351638794, 14.745140314102173, 15.504162311553955, 10.731207847595215, 8.497507572174072, 10.554659605026245, 19.074671268463135, 9.317101955413818, 18.277003526687622",Sometime(1-2 days per week),0
2024-3-8 下午09:58:48,XHSB,20,Male,3,130.7197211,"./Figures/SRQ_1.png, ./Figures/SRQ_2.png, ./Figures/SRQ_3.png, ./Figures/SRQ_4.png, ./Figures/SRQ_5.png, ./Figures/SRQ_6.png, ./Figures/SRQ_7.png, ./Figures/SRQ_8.png, ./Figures/SRQ_9.png","./Figures/SRQ_1_a.png, ./Figures/SRQ_1_b.png, ./Figures/SRQ_1_d.png, ./Figures/SRQ_1_c.png, ./Figures/SRQ_2_c.png, ./Figures/SRQ_2_b.png, ./Figures/SRQ_2_a.png, ./Figures/SRQ_2_d.png, ./Figures/SRQ_3_d.png, ./Figures/SRQ_3_c.png, ./Figures/SRQ_3_b.png, ./Figures/SRQ_3_a.png, ./Figures/SRQ_4_c.png, ./Figures/SRQ_4_a.png, ./Figures/SRQ_4_b.png, ./Figures/SRQ_4_d.png, ./Figures/SRQ_5_a.png, ./Figures/SRQ_5_c.png, ./Figures/SRQ_5_d.png, ./Figures/SRQ_5_b.png, ./Figures/SRQ_6_d.png, ./Figures/SRQ_6_c.png, ./Figures/SRQ_6_a.png, ./Figures/SRQ_6_b.png, ./Figures/SRQ_7_c.png, ./Figures/SRQ_7_d.png, ./Figures/SRQ_7_a.png, ./Figures/SRQ_7_b.png, ./Figures/SRQ_8_a.png, ./Figures/SRQ_8_b.png, ./Figures/SRQ_8_c.png, ./Figures/SRQ_8_d.png, ./Figures/SRQ_9_d.png, ./Figures/SRQ_9_c.png, ./Figures/SRQ_9_a.png, ./Figures/SRQ_9_b.png","c, d, a, d, b, b, b, d, b","3, 3, 3, 4, 4, 4, 5, 5, 5","0, 0, 1, 0, 1, 0, 0, 0, 1","17.609577655792236, 13.708375930786133, 7.820216417312622, 19.44357442855835, 15.564947366714478, 14.404018878936768, 3.011059522628784, 22.217415809631348, 16.940535068511963",Never(0 days per week),7
2024-3-8 下午10:43:30,BABY,22,Female,2,172.2584405,"./Figures/SRQ_1.png, ./Figures/SRQ_2.png, ./Figures/SRQ_3.png, ./Figures/SRQ_4.png, ./Figures/SRQ_5.png, ./Figures/SRQ_6.png, ./Figures/SRQ_7.png, ./Figures/SRQ_8.png, ./Figures/SRQ_9.png","./Figures/SRQ_1_a.png, ./Figures/SRQ_1_b.png, ./Figures/SRQ_1_d.png, ./Figures/SRQ_1_c.png, ./Figures/SRQ_2_c.png, ./Figures/SRQ_2_b.png, ./Figures/SRQ_2_a.png, ./Figures/SRQ_2_d.png, ./Figures/SRQ_3_d.png, ./Figures/SRQ_3_c.png, ./Figures/SRQ_3_b.png, ./Figures/SRQ_3_a.png, ./Figures/SRQ_4_c.png, ./Figures/SRQ_4_a.png, ./Figures/SRQ_4_b.png, ./Figures/SRQ_4_d.png, ./Figures/SRQ_5_a.png, ./Figures/SRQ_5_c.png, ./Figures/SRQ_5_d.png, ./Figures/SRQ_5_b.png, ./Figures/SRQ_6_d.png, ./Figures/SRQ_6_c.png, ./Figures/SRQ_6_a.png, ./Figures/SRQ_6_b.png, ./Figures/SRQ_7_c.png, ./Figures/SRQ_7_d.png, ./Figures/SRQ_7_a.png, ./Figures/SRQ_7_b.png, ./Figures/SRQ_8_a.png, ./Figures/SRQ_8_b.png, ./Figures/SRQ_8_c.png, ./Figures/SRQ_8_d.png, ./Figures/SRQ_9_d.png, ./Figures/SRQ_9_c.png, ./Figures/SRQ_9_a.png, ./Figures/SRQ_9_b.png","c, d, a, d, b, b, b, d, b","3, 3, 3, 4, 4, 4, 5, 5, 5","0, 0, 1, 0, 0, 0, 0, 0, 1","22.80287003517151, 25.017497539520264, 16.584088563919067, 15.917355060577393, 21.54220676422119, 23.01306676864624, 19.604219675064087, 12.749853134155273, 15.027282953262329",Never(0 days per week),8
2024-3-8 下午11:09:59,HZKM,21,Female,2,106.7091916,"./Figures/SRQ_1.png, ./Figures/SRQ_2.png, ./Figures/SRQ_3.png, ./Figures/SRQ_4.png, ./Figures/SRQ_5.png, ./Figures/SRQ_6.png, ./Figures/SRQ_7.png, ./Figures/SRQ_8.png, ./Figures/SRQ_9.png","./Figures/SRQ_1_a.png, ./Figures/SRQ_1_b.png, ./Figures/SRQ_1_d.png, ./Figures/SRQ_1_c.png, ./Figures/SRQ_2_c.png, ./Figures/SRQ_2_b.png, ./Figures/SRQ_2_a.png, ./Figures/SRQ_2_d.png, ./Figures/SRQ_3_d.png, ./Figures/SRQ_3_c.png, ./Figures/SRQ_3_b.png, ./Figures/SRQ_3_a.png, ./Figures/SRQ_4_c.png, ./Figures/SRQ_4_a.png, ./Figures/SRQ_4_b.png, ./Figures/SRQ_4_d.png, ./Figures/SRQ_5_a.png, ./Figures/SRQ_5_c.png, ./Figures/SRQ_5_d.png, ./Figures/SRQ_5_b.png, ./Figures/SRQ_6_d.png, ./Figures/SRQ_6_c.png, ./Figures/SRQ_6_a.png, ./Figures/SRQ_6_b.png, ./Figures/SRQ_7_c.png, ./Figures/SRQ_7_d.png, ./Figures/SRQ_7_a.png, ./Figures/SRQ_7_b.png, ./Figures/SRQ_8_a.png, ./Figures/SRQ_8_b.png, ./Figures/SRQ_8_c.png, ./Figures/SRQ_8_d.png, ./Figures/SRQ_9_d.png, ./Figures/SRQ_9_c.png, ./Figures/SRQ_9_a.png, ./Figures/SRQ_9_b.png","c, d, a, d, b, b, b, d, b","3, 3, 3, 4, 4, 4, 5, 5, 5","0, 0, 1, 0, 0, 0, 1, 0, 0","25.018775463104248, 12.725373268127441, 13.97499418258667, 9.310089349746704, 6.651630878448486, 12.066401243209839, 12.733409643173218, 7.841265678405762, 6.387251853942871",Sometime(1-2 days per week),5
2024-3-9 下午01:55:04,XXXX,20,Female,0,134.0315733,"./Figures/SRQ_1.png, ./Figures/SRQ_2.png, ./Figures/SRQ_3.png, ./Figures/SRQ_4.png, ./Figures/SRQ_5.png, ./Figures/SRQ_6.png, ./Figures/SRQ_7.png, ./Figures/SRQ_8.png, ./Figures/SRQ_9.png","./Figures/SRQ_1_a.png, ./Figures/SRQ_1_b.png, ./Figures/SRQ_1_d.png, ./Figures/SRQ_1_c.png, ./Figures/SRQ_2_c.png, ./Figures/SRQ_2_b.png, ./Figures/SRQ_2_a.png, ./Figures/SRQ_2_d.png, ./Figures/SRQ_3_d.png, ./Figures/SRQ_3_c.png, ./Figures/SRQ_3_b.png, ./Figures/SRQ_3_a.png, ./Figures/SRQ_4_c.png, ./Figures/SRQ_4_a.png, ./Figures/SRQ_4_b.png, ./Figures/SRQ_4_d.png, ./Figures/SRQ_5_a.png, ./Figures/SRQ_5_c.png, ./Figures/SRQ_5_d.png, ./Figures/SRQ_5_b.png, ./Figures/SRQ_6_d.png, ./Figures/SRQ_6_c.png, ./Figures/SRQ_6_a.png, ./Figures/SRQ_6_b.png, ./Figures/SRQ_7_c.png, ./Figures/SRQ_7_d.png, ./Figures/SRQ_7_a.png, ./Figures/SRQ_7_b.png, ./Figures/SRQ_8_a.png, ./Figures/SRQ_8_b.png, ./Figures/SRQ_8_c.png, ./Figures/SRQ_8_d.png, ./Figures/SRQ_9_d.png, ./Figures/SRQ_9_c.png, ./Figures/SRQ_9_a.png, ./Figures/SRQ_9_b.png","c, d, a, d, b, b, b, d, b","3, 3, 3, 4, 4, 4, 5, 5, 5","0, 0, 0, 0, 0, 0, 0, 0, 0","12.608765125274658, 25.0191490650177, 25.01997709274292, 13.385264158248901, 12.720562934875488, 7.078302383422852, 16.18355631828308, 12.751431226730347, 9.264564990997314",Sometime(1-2 days per week),7
2024-3-9 下午02:28:41,MENG,20,Male,4,159.1738985,"./Figures/SRQ_1.png, ./Figures/SRQ_2.png, ./Figures/SRQ_3.png, ./Figures/SRQ_4.png, ./Figures/SRQ_5.png, ./Figures/SRQ_6.png, ./Figures/SRQ_7.png, ./Figures/SRQ_8.png, ./Figures/SRQ_9.png","./Figures/SRQ_1_a.png, ./Figures/SRQ_1_b.png, ./Figures/SRQ_1_d.png, ./Figures/SRQ_1_c.png, ./Figures/SRQ_2_c.png, ./Figures/SRQ_2_b.png, ./Figures/SRQ_2_a.png, ./Figures/SRQ_2_d.png, ./Figures/SRQ_3_d.png, ./Figures/SRQ_3_c.png, ./Figures/SRQ_3_b.png, ./Figures/SRQ_3_a.png, ./Figures/SRQ_4_c.png, ./Figures/SRQ_4_a.png, ./Figures/SRQ_4_b.png, ./Figures/SRQ_4_d.png, ./Figures/SRQ_5_a.png, ./Figures/SRQ_5_c.png, ./Figures/SRQ_5_d.png, ./Figures/SRQ_5_b.png, ./Figures/SRQ_6_d.png, ./Figures/SRQ_6_c.png, ./Figures/SRQ_6_a.png, ./Figures/SRQ_6_b.png, ./Figures/SRQ_7_c.png, ./Figures/SRQ_7_d.png, ./Figures/SRQ_7_a.png, ./Figures/SRQ_7_b.png, ./Figures/SRQ_8_a.png, ./Figures/SRQ_8_b.png, ./Figures/SRQ_8_c.png, ./Figures/SRQ_8_d.png, ./Figures/SRQ_9_d.png, ./Figures/SRQ_9_c.png, ./Figures/SRQ_9_a.png, ./Figures/SRQ_9_b.png","c, d, a, d, b, b, b, d, b","3, 3, 3, 4, 4, 4, 5, 5, 5","0, 1, 1, 0, 0, 1, 0, 0, 1","5.629093647003174, 21.637457609176636, 22.74358344078064, 25, 14.461000442504883, 16.61501145362854, 10.016461372375488, 22.55090594291687, 20.520384550094604",Often(3-4 days per week),4
2024-3-9 下午07:11:38,DAUS,22,Male,1,93.95870471,"./Figures/SRQ_1.png, ./Figures/SRQ_2.png, ./Figures/SRQ_3.png, ./Figures/SRQ_4.png, ./Figures/SRQ_5.png, ./Figures/SRQ_6.png, ./Figures/SRQ_7.png, ./Figures/SRQ_8.png, ./Figures/SRQ_9.png","./Figures/SRQ_1_a.png, ./Figures/SRQ_1_b.png, ./Figures/SRQ_1_d.png, ./Figures/SRQ_1_c.png, ./Figures/SRQ_2_c.png, ./Figures/SRQ_2_b.png, ./Figures/SRQ_2_a.png, ./Figures/SRQ_2_d.png, ./Figures/SRQ_3_d.png, ./Figures/SRQ_3_c.png, ./Figures/SRQ_3_b.png, ./Figures/SRQ_3_a.png, ./Figures/SRQ_4_c.png, ./Figures/SRQ_4_a.png, ./Figures/SRQ_4_b.png, ./Figures/SRQ_4_d.png, ./Figures/SRQ_5_a.png, ./Figures/SRQ_5_c.png, ./Figures/SRQ_5_d.png, ./Figures/SRQ_5_b.png, ./Figures/SRQ_6_d.png, ./Figures/SRQ_6_c.png, ./Figures/SRQ_6_a.png, ./Figures/SRQ_6_b.png, ./Figures/SRQ_7_c.png, ./Figures/SRQ_7_d.png, ./Figures/SRQ_7_a.png, ./Figures/SRQ_7_b.png, ./Figures/SRQ_8_a.png, ./Figures/SRQ_8_b.png, ./Figures/SRQ_8_c.png, ./Figures/SRQ_8_d.png, ./Figures/SRQ_9_d.png, ./Figures/SRQ_9_c.png, ./Figures/SRQ_9_a.png, ./Figures/SRQ_9_b.png","c, d, a, d, b, b, b, d, b","3, 3, 3, 4, 4, 4, 5, 5, 5","0, 0, 0, 0, 1, 0, 0, 0, 0","25.019304037094116, 18.501986503601074, 15.171836853027344, 3.0628502368927, 6.347372531890869, 2.5242791175842285, 7.551267385482788, 8.825243949890137, 6.954564094543457",Sometime(1-2 days per week),0
2024-3-9 下午08:07:35,PTTR,21,Male,3,79.4226265,"./Figures/SRQ_1.png, ./Figures/SRQ_2.png, ./Figures/SRQ_3.png, ./Figures/SRQ_4.png, ./Figures/SRQ_5.png, ./Figures/SRQ_6.png, ./Figures/SRQ_7.png, ./Figures/SRQ_8.png, ./Figures/SRQ_9.png","./Figures/SRQ_1_a.png, ./Figures/SRQ_1_b.png, ./Figures/SRQ_1_d.png, ./Figures/SRQ_1_c.png, ./Figures/SRQ_2_c.png, ./Figures/SRQ_2_b.png, ./Figures/SRQ_2_a.png, ./Figures/SRQ_2_d.png, ./Figures/SRQ_3_d.png, ./Figures/SRQ_3_c.png, ./Figures/SRQ_3_b.png, ./Figures/SRQ_3_a.png, ./Figures/SRQ_4_c.png, ./Figures/SRQ_4_a.png, ./Figures/SRQ_4_b.png, ./Figures/SRQ_4_d.png, ./Figures/SRQ_5_a.png, ./Figures/SRQ_5_c.png, ./Figures/SRQ_5_d.png, ./Figures/SRQ_5_b.png, ./Figures/SRQ_6_d.png, ./Figures/SRQ_6_c.png, ./Figures/SRQ_6_a.png, ./Figures/SRQ_6_b.png, ./Figures/SRQ_7_c.png, ./Figures/SRQ_7_d.png, ./Figures/SRQ_7_a.png, ./Figures/SRQ_7_b.png, ./Figures/SRQ_8_a.png, ./Figures/SRQ_8_b.png, ./Figures/SRQ_8_c.png, ./Figures/SRQ_8_d.png, ./Figures/SRQ_9_d.png, ./Figures/SRQ_9_c.png, ./Figures/SRQ_9_a.png, ./Figures/SRQ_9_b.png","c, d, a, d, b, b, b, d, b","3, 3, 3, 4, 4, 4, 5, 5, 5","0, 1, 1, 0, 0, 0, 0, 1, 0","9.464011669158936, 10.768011808395386, 8.687869787216187, 6.825161695480347, 8.73860502243042, 7.651232481002808, 12.041557550430298, 7.587437629699707, 7.658738851547241",Often(3-4 days per week),0
2024-3-9 下午10:12:50,XOXO,20,Male,2,166.992671,"./Figures/SRQ_1.png, ./Figures/SRQ_2.png, ./Figures/SRQ_3.png, ./Figures/SRQ_4.png, ./Figures/SRQ_5.png, ./Figures/SRQ_6.png, ./Figures/SRQ_7.png, ./Figures/SRQ_8.png, ./Figures/SRQ_9.png","./Figures/SRQ_1_a.png, ./Figures/SRQ_1_b.png, ./Figures/SRQ_1_d.png, ./Figures/SRQ_1_c.png, ./Figures/SRQ_2_c.png, ./Figures/SRQ_2_b.png, ./Figures/SRQ_2_a.png, ./Figures/SRQ_2_d.png, ./Figures/SRQ_3_d.png, ./Figures/SRQ_3_c.png, ./Figures/SRQ_3_b.png, ./Figures/SRQ_3_a.png, ./Figures/SRQ_4_c.png, ./Figures/SRQ_4_a.png, ./Figures/SRQ_4_b.png, ./Figures/SRQ_4_d.png, ./Figures/SRQ_5_a.png, ./Figures/SRQ_5_c.png, ./Figures/SRQ_5_d.png, ./Figures/SRQ_5_b.png, ./Figures/SRQ_6_d.png, ./Figures/SRQ_6_c.png, ./Figures/SRQ_6_a.png, ./Figures/SRQ_6_b.png, ./Figures/SRQ_7_c.png, ./Figures/SRQ_7_d.png, ./Figures/SRQ_7_a.png, ./Figures/SRQ_7_b.png, ./Figures/SRQ_8_a.png, ./Figures/SRQ_8_b.png, ./Figures/SRQ_8_c.png, ./Figures/SRQ_8_d.png, ./Figures/SRQ_9_d.png, ./Figures/SRQ_9_c.png, ./Figures/SRQ_9_a.png, ./Figures/SRQ_9_b.png","c, d, a, d, b, b, b, d, b","3, 3, 3, 4, 4, 4, 5, 5, 5","0, 0, 1, 0, 1, 0, 0, 0, 0","21.778125286102295, 10.71150517463684, 6.968589544296265, 25.019248723983765, 22.350942611694336, 18.16923499107361, 20.856839179992676, 25.022148370742798, 16.116037130355835",Sometime(1-2 days per week),6
2024-3-10 上午12:20:36,CTCT,22,Female,3,105.5079041,"./Figures/SRQ_1.png, ./Figures/SRQ_2.png, ./Figures/SRQ_3.png, ./Figures/SRQ_4.png, ./Figures/SRQ_5.png, ./Figures/SRQ_6.png, ./Figures/SRQ_7.png, ./Figures/SRQ_8.png, ./Figures/SRQ_9.png","./Figures/SRQ_1_a.png, ./Figures/SRQ_1_b.png, ./Figures/SRQ_1_d.png, ./Figures/SRQ_1_c.png, ./Figures/SRQ_2_c.png, ./Figures/SRQ_2_b.png, ./Figures/SRQ_2_a.png, ./Figures/SRQ_2_d.png, ./Figures/SRQ_3_d.png, ./Figures/SRQ_3_c.png, ./Figures/SRQ_3_b.png, ./Figures/SRQ_3_a.png, ./Figures/SRQ_4_c.png, ./Figures/SRQ_4_a.png, ./Figures/SRQ_4_b.png, ./Figures/SRQ_4_d.png, ./Figures/SRQ_5_a.png, ./Figures/SRQ_5_c.png, ./Figures/SRQ_5_d.png, ./Figures/SRQ_5_b.png, ./Figures/SRQ_6_d.png, ./Figures/SRQ_6_c.png, ./Figures/SRQ_6_a.png, ./Figures/SRQ_6_b.png, ./Figures/SRQ_7_c.png, ./Figures/SRQ_7_d.png, ./Figures/SRQ_7_a.png, ./Figures/SRQ_7_b.png, ./Figures/SRQ_8_a.png, ./Figures/SRQ_8_b.png, ./Figures/SRQ_8_c.png, ./Figures/SRQ_8_d.png, ./Figures/SRQ_9_d.png, ./Figures/SRQ_9_c.png, ./Figures/SRQ_9_a.png, ./Figures/SRQ_9_b.png","c, d, a, d, b, b, b, d, b","3, 3, 3, 4, 4, 4, 5, 5, 5","0, 0, 0, 0, 1, 1, 0, 1, 0","5.5105485916137695, 18.97604751586914, 23.996349811553955, 9.611428260803223, 12.596057653427124, 8.125690698623657, 10.666091203689575, 10.9312002658844, 5.094490051269531",Sometime(1-2 days per week),0
2024-3-10 下午06:18:20,AZMT,26,Male,1,117.8125682,"./Figures/SRQ_1.png, ./Figures/SRQ_2.png, ./Figures/SRQ_3.png, ./Figures/SRQ_4.png, ./Figures/SRQ_5.png, ./Figures/SRQ_6.png, ./Figures/SRQ_7.png, ./Figures/SRQ_8.png, ./Figures/SRQ_9.png","./Figures/SRQ_1_a.png, ./Figures/SRQ_1_b.png, ./Figures/SRQ_1_d.png, ./Figures/SRQ_1_c.png, ./Figures/SRQ_2_c.png, ./Figures/SRQ_2_b.png, ./Figures/SRQ_2_a.png, ./Figures/SRQ_2_d.png, ./Figures/SRQ_3_d.png, ./Figures/SRQ_3_c.png, ./Figures/SRQ_3_b.png, ./Figures/SRQ_3_a.png, ./Figures/SRQ_4_c.png, ./Figures/SRQ_4_a.png, ./Figures/SRQ_4_b.png, ./Figures/SRQ_4_d.png, ./Figures/SRQ_5_a.png, ./Figures/SRQ_5_c.png, ./Figures/SRQ_5_d.png, ./Figures/SRQ_5_b.png, ./Figures/SRQ_6_d.png, ./Figures/SRQ_6_c.png, ./Figures/SRQ_6_a.png, ./Figures/SRQ_6_b.png, ./Figures/SRQ_7_c.png, ./Figures/SRQ_7_d.png, ./Figures/SRQ_7_a.png, ./Figures/SRQ_7_b.png, ./Figures/SRQ_8_a.png, ./Figures/SRQ_8_b.png, ./Figures/SRQ_8_c.png, ./Figures/SRQ_8_d.png, ./Figures/SRQ_9_d.png, ./Figures/SRQ_9_c.png, ./Figures/SRQ_9_a.png, ./Figures/SRQ_9_b.png","c, d, a, d, b, b, b, d, b","3, 3, 3, 4, 4, 4, 5, 5, 5","0, 0, 0, 0, 0, 0, 1, 0, 0","25.01162028312683, 9.972365617752075, 12.234911441802979, 11.346058130264282, 14.700662612915039, 8.309395790100098, 12.814117908477783, 11.89798617362976, 11.525450229644775",Often(3-4 days per week),5
2024-3-10 下午06:40:54,UCBM,26,Male,3,97.96464133,"./Figures/SRQ_1.png, ./Figures/SRQ_2.png, ./Figures/SRQ_3.png, ./Figures/SRQ_4.png, ./Figures/SRQ_5.png, ./Figures/SRQ_6.png, ./Figures/SRQ_7.png, ./Figures/SRQ_8.png, ./Figures/SRQ_9.png","./Figures/SRQ_1_a.png, ./Figures/SRQ_1_b.png, ./Figures/SRQ_1_d.png, ./Figures/SRQ_1_c.png, ./Figures/SRQ_2_c.png, ./Figures/SRQ_2_b.png, ./Figures/SRQ_2_a.png, ./Figures/SRQ_2_d.png, ./Figures/SRQ_3_d.png, ./Figures/SRQ_3_c.png, ./Figures/SRQ_3_b.png, ./Figures/SRQ_3_a.png, ./Figures/SRQ_4_c.png, ./Figures/SRQ_4_a.png, ./Figures/SRQ_4_b.png, ./Figures/SRQ_4_d.png, ./Figures/SRQ_5_a.png, ./Figures/SRQ_5_c.png, ./Figures/SRQ_5_d.png, ./Figures/SRQ_5_b.png, ./Figures/SRQ_6_d.png, ./Figures/SRQ_6_c.png, ./Figures/SRQ_6_a.png, ./Figures/SRQ_6_b.png, ./Figures/SRQ_7_c.png, ./Figures/SRQ_7_d.png, ./Figures/SRQ_7_a.png, ./Figures/SRQ_7_b.png, ./Figures/SRQ_8_a.png, ./Figures/SRQ_8_b.png, ./Figures/SRQ_8_c.png, ./Figures/SRQ_8_d.png, ./Figures/SRQ_9_d.png, ./Figures/SRQ_9_c.png, ./Figures/SRQ_9_a.png, ./Figures/SRQ_9_b.png","c, d, a, d, b, b, b, d, b","3, 3, 3, 4, 4, 4, 5, 5, 5","0, 1, 0, 0, 0, 1, 1, 0, 0","10.959386587142944, 12.101138353347778, 16.262322187423706, 10.537410259246826, 9.212035894393921, 10.015336990356445, 10.86149263381958, 11.060738563537598, 6.954779863357544",Often(3-4 days per week),5
2024-3-11 下午07:11:38,HHMM,21,Male,3,144.338074,"./Figures/SRQ_1.png, ./Figures/SRQ_2.png, ./Figures/SRQ_3.png, ./Figures/SRQ_4.png, ./Figures/SRQ_5.png, ./Figures/SRQ_6.png, ./Figures/SRQ_7.png, ./Figures/SRQ_8.png, ./Figures/SRQ_9.png","./Figures/SRQ_1_a.png, ./Figures/SRQ_1_b.png, ./Figures/SRQ_1_d.png, ./Figures/SRQ_1_c.png, ./Figures/SRQ_2_c.png, ./Figures/SRQ_2_b.png, ./Figures/SRQ_2_a.png, ./Figures/SRQ_2_d.png, ./Figures/SRQ_3_d.png, ./Figures/SRQ_3_c.png, ./Figures/SRQ_3_b.png, ./Figures/SRQ_3_a.png, ./Figures/SRQ_4_c.png, ./Figures/SRQ_4_a.png, ./Figures/SRQ_4_b.png, ./Figures/SRQ_4_d.png, ./Figures/SRQ_5_a.png, ./Figures/SRQ_5_c.png, ./Figures/SRQ_5_d.png, ./Figures/SRQ_5_b.png, ./Figures/SRQ_6_d.png, ./Figures/SRQ_6_c.png, ./Figures/SRQ_6_a.png, ./Figures/SRQ_6_b.png, ./Figures/SRQ_7_c.png, ./Figures/SRQ_7_d.png, ./Figures/SRQ_7_a.png, ./Figures/SRQ_7_b.png, ./Figures/SRQ_8_a.png, ./Figures/SRQ_8_b.png, ./Figures/SRQ_8_c.png, ./Figures/SRQ_8_d.png, ./Figures/SRQ_9_d.png, ./Figures/SRQ_9_c.png, ./Figures/SRQ_9_a.png, ./Figures/SRQ_9_b.png","c, d, a, d, b, b, b, d, b","3, 3, 3, 4, 4, 4, 5, 5, 5","0, 0, 0, 0, 0, 0, 1, 1, 1","18.974313735961914, 22.153484582901, 25.0206036567688, 18.97636127471924, 16.425192832946777, 9.775551795959473, 11.900817632675171, 5.599398851394653, 15.512349605560303",Sometime(1-2 days per week),5
2024-3-11 下午07:15:40,KWAN,21,Male,3,138.450582,"./Figures/SRQ_1.png, ./Figures/SRQ_2.png, ./Figures/SRQ_3.png, ./Figures/SRQ_4.png, ./Figures/SRQ_5.png, ./Figures/SRQ_6.png, ./Figures/SRQ_7.png, ./Figures/SRQ_8.png, ./Figures/SRQ_9.png","./Figures/SRQ_1_a.png, ./Figures/SRQ_1_b.png, ./Figures/SRQ_1_d.png, ./Figures/SRQ_1_c.png, ./Figures/SRQ_2_c.png, ./Figures/SRQ_2_b.png, ./Figures/SRQ_2_a.png, ./Figures/SRQ_2_d.png, ./Figures/SRQ_3_d.png, ./Figures/SRQ_3_c.png, ./Figures/SRQ_3_b.png, ./Figures/SRQ_3_a.png, ./Figures/SRQ_4_c.png, ./Figures/SRQ_4_a.png, ./Figures/SRQ_4_b.png, ./Figures/SRQ_4_d.png, ./Figures/SRQ_5_a.png, ./Figures/SRQ_5_c.png, ./Figures/SRQ_5_d.png, ./Figures/SRQ_5_b.png, ./Figures/SRQ_6_d.png, ./Figures/SRQ_6_c.png, ./Figures/SRQ_6_a.png, ./Figures/SRQ_6_b.png, ./Figures/SRQ_7_c.png, ./Figures/SRQ_7_d.png, ./Figures/SRQ_7_a.png, ./Figures/SRQ_7_b.png, ./Figures/SRQ_8_a.png, ./Figures/SRQ_8_b.png, ./Figures/SRQ_8_c.png, ./Figures/SRQ_8_d.png, ./Figures/SRQ_9_d.png, ./Figures/SRQ_9_c.png, ./Figures/SRQ_9_a.png, ./Figures/SRQ_9_b.png","c, d, a, d, b, b, b, d, b","3, 3, 3, 4, 4, 4, 5, 5, 5","0, 0, 0, 0, 1, 0, 0, 1, 1","25.018798351287842, 9.870367527008057, 13.490459442138672, 8.454446792602539, 15.165132284164429, 13.071425676345825, 13.622105598449707, 21.84520673751831, 17.912639617919922",Never(0 days per week),6
2024-3-11 下午09:39:02,KBBA,21,Male,1,168.1716197,"./Figures/SRQ_1.png, ./Figures/SRQ_2.png, ./Figures/SRQ_3.png, ./Figures/SRQ_4.png, ./Figures/SRQ_5.png, ./Figures/SRQ_6.png, ./Figures/SRQ_7.png, ./Figures/SRQ_8.png, ./Figures/SRQ_9.png","./Figures/SRQ_1_a.png, ./Figures/SRQ_1_b.png, ./Figures/SRQ_1_d.png, ./Figures/SRQ_1_c.png, ./Figures/SRQ_2_c.png, ./Figures/SRQ_2_b.png, ./Figures/SRQ_2_a.png, ./Figures/SRQ_2_d.png, ./Figures/SRQ_3_d.png, ./Figures/SRQ_3_c.png, ./Figures/SRQ_3_b.png, ./Figures/SRQ_3_a.png, ./Figures/SRQ_4_c.png, ./Figures/SRQ_4_a.png, ./Figures/SRQ_4_b.png, ./Figures/SRQ_4_d.png, ./Figures/SRQ_5_a.png, ./Figures/SRQ_5_c.png, ./Figures/SRQ_5_d.png, ./Figures/SRQ_5_b.png, ./Figures/SRQ_6_d.png, ./Figures/SRQ_6_c.png, ./Figures/SRQ_6_a.png, ./Figures/SRQ_6_b.png, ./Figures/SRQ_7_c.png, ./Figures/SRQ_7_d.png, ./Figures/SRQ_7_a.png, ./Figures/SRQ_7_b.png, ./Figures/SRQ_8_a.png, ./Figures/SRQ_8_b.png, ./Figures/SRQ_8_c.png, ./Figures/SRQ_8_d.png, ./Figures/SRQ_9_d.png, ./Figures/SRQ_9_c.png, ./Figures/SRQ_9_a.png, ./Figures/SRQ_9_b.png","c, d, a, d, b, b, b, d, b","3, 3, 3, 4, 4, 4, 5, 5, 5","0, 0, 0, 0, 0, 0, 0, 1, 0","25.015227794647217, 14.658043384552002, 14.390597105026245, 16.63142681121826, 19.867825269699097, 15.405377864837646, 19.82559108734131, 25.024839639663696, 17.35269069671631",Sometime(1-2 days per week),5
2024-3-13 下午02:03:31,SOAS,20,Female,1,163.5730643,"./Figures/SRQ_1.png, ./Figures/SRQ_2.png, ./Figures/SRQ_3.png, ./Figures/SRQ_4.png, ./Figures/SRQ_5.png, ./Figures/SRQ_6.png, ./Figures/SRQ_7.png, ./Figures/SRQ_8.png, ./Figures/SRQ_9.png","./Figures/SRQ_1_a.png, ./Figures/SRQ_1_b.png, ./Figures/SRQ_1_d.png, ./Figures/SRQ_1_c.png, ./Figures/SRQ_2_c.png, ./Figures/SRQ_2_b.png, ./Figures/SRQ_2_a.png, ./Figures/SRQ_2_d.png, ./Figures/SRQ_3_d.png, ./Figures/SRQ_3_c.png, ./Figures/SRQ_3_b.png, ./Figures/SRQ_3_a.png, ./Figures/SRQ_4_c.png, ./Figures/SRQ_4_a.png, ./Figures/SRQ_4_b.png, ./Figures/SRQ_4_d.png, ./Figures/SRQ_5_a.png, ./Figures/SRQ_5_c.png, ./Figures/SRQ_5_d.png, ./Figures/SRQ_5_b.png, ./Figures/SRQ_6_d.png, ./Figures/SRQ_6_c.png, ./Figures/SRQ_6_a.png, ./Figures/SRQ_6_b.png, ./Figures/SRQ_7_c.png, ./Figures/SRQ_7_d.png, ./Figures/SRQ_7_a.png, ./Figures/SRQ_7_b.png, ./Figures/SRQ_8_a.png, ./Figures/SRQ_8_b.png, ./Figures/SRQ_8_c.png, ./Figures/SRQ_8_d.png, ./Figures/SRQ_9_d.png, ./Figures/SRQ_9_c.png, ./Figures/SRQ_9_a.png, ./Figures/SRQ_9_b.png","c, d, a, d, b, b, b, d, b","3, 3, 3, 4, 4, 4, 5, 5, 5","0, 0, 0, 0, 0, 0, 0, 1, 0","25.01737642288208, 13.042842864990234, 18.370538473129272, 18.086350202560425, 25.020934343338013, 14.655041933059692, 9.987057209014893, 21.322330713272095, 18.070592164993286",Never(0 days per week),4
2024-3-13 下午06:02:18,RZWM,20,Female,5,146.2050481,"./Figures/SRQ_1.png, ./Figures/SRQ_2.png, ./Figures/SRQ_3.png, ./Figures/SRQ_4.png, ./Figures/SRQ_5.png, ./Figures/SRQ_6.png, ./Figures/SRQ_7.png, ./Figures/SRQ_8.png, ./Figures/SRQ_9.png","./Figures/SRQ_1_a.png, ./Figures/SRQ_1_b.png, ./Figures/SRQ_1_d.png, ./Figures/SRQ_1_c.png, ./Figures/SRQ_2_c.png, ./Figures/SRQ_2_b.png, ./Figures/SRQ_2_a.png, ./Figures/SRQ_2_d.png, ./Figures/SRQ_3_d.png, ./Figures/SRQ_3_c.png, ./Figures/SRQ_3_b.png, ./Figures/SRQ_3_a.png, ./Figures/SRQ_4_c.png, ./Figures/SRQ_4_a.png, ./Figures/SRQ_4_b.png, ./Figures/SRQ_4_d.png, ./Figures/SRQ_5_a.png, ./Figures/SRQ_5_c.png, ./Figures/SRQ_5_d.png, ./Figures/SRQ_5_b.png, ./Figures/SRQ_6_d.png, ./Figures/SRQ_6_c.png, ./Figures/SRQ_6_a.png, ./Figures/SRQ_6_b.png, ./Figures/SRQ_7_c.png, ./Figures/SRQ_7_d.png, ./Figures/SRQ_7_a.png, ./Figures/SRQ_7_b.png, ./Figures/SRQ_8_a.png, ./Figures/SRQ_8_b.png, ./Figures/SRQ_8_c.png, ./Figures/SRQ_8_d.png, ./Figures/SRQ_9_d.png, ./Figures/SRQ_9_c.png, ./Figures/SRQ_9_a.png, ./Figures/SRQ_9_b.png","c, d, a, d, b, b, b, d, b","3, 3, 3, 4, 4, 4, 5, 5, 5","1, 1, 1, 0, 1, 0, 1, 0, 0","10.404121398925781, 6.327928781509399, 4.600245714187622, 23.325533151626587, 21.083796501159668, 15.243088006973267, 15.19094729423523, 25.013569593429565, 25.015817642211914",Often(3-4 days per week),4
2024-3-14 上午12:59:19,ZCBT,20,Male,1,58.98747325,"./Figures/SRQ_1.png, ./Figures/SRQ_2.png, ./Figures/SRQ_3.png, ./Figures/SRQ_4.png, ./Figures/SRQ_5.png, ./Figures/SRQ_6.png, ./Figures/SRQ_7.png, ./Figures/SRQ_8.png, ./Figures/SRQ_9.png","./Figures/SRQ_1_a.png, ./Figures/SRQ_1_b.png, ./Figures/SRQ_1_d.png, ./Figures/SRQ_1_c.png, ./Figures/SRQ_2_c.png, ./Figures/SRQ_2_b.png, ./Figures/SRQ_2_a.png, ./Figures/SRQ_2_d.png, ./Figures/SRQ_3_d.png, ./Figures/SRQ_3_c.png, ./Figures/SRQ_3_b.png, ./Figures/SRQ_3_a.png, ./Figures/SRQ_4_c.png, ./Figures/SRQ_4_a.png, ./Figures/SRQ_4_b.png, ./Figures/SRQ_4_d.png, ./Figures/SRQ_5_a.png, ./Figures/SRQ_5_c.png, ./Figures/SRQ_5_d.png, ./Figures/SRQ_5_b.png, ./Figures/SRQ_6_d.png, ./Figures/SRQ_6_c.png, ./Figures/SRQ_6_a.png, ./Figures/SRQ_6_b.png, ./Figures/SRQ_7_c.png, ./Figures/SRQ_7_d.png, ./Figures/SRQ_7_a.png, ./Figures/SRQ_7_b.png, ./Figures/SRQ_8_a.png, ./Figures/SRQ_8_b.png, ./Figures/SRQ_8_c.png, ./Figures/SRQ_8_d.png, ./Figures/SRQ_9_d.png, ./Figures/SRQ_9_c.png, ./Figures/SRQ_9_a.png, ./Figures/SRQ_9_b.png","c, d, a, d, b, b, b, d, b","3, 3, 3, 4, 4, 4, 5, 5, 5","0, 0, 0, 0, 0, 1, 0, 0, 0","7.5164079666137695, 7.253247499465942, 7.781173944473267, 7.291855573654175, 10.285789728164673, 5.468568325042725, 4.774946212768555, 3.7720608711242676, 4.843423128128052",Frequently(>5 days per week),7
2024-3-14 上午01:55:59,BBBB,19,Male,7,116.177248,"./Figures/SRQ_1.png, ./Figures/SRQ_2.png, ./Figures/SRQ_3.png, ./Figures/SRQ_4.png, ./Figures/SRQ_5.png, ./Figures/SRQ_6.png, ./Figures/SRQ_7.png, ./Figures/SRQ_8.png, ./Figures/SRQ_9.png","./Figures/SRQ_1_a.png, ./Figures/SRQ_1_b.png, ./Figures/SRQ_1_d.png, ./Figures/SRQ_1_c.png, ./Figures/SRQ_2_c.png, ./Figures/SRQ_2_b.png, ./Figures/SRQ_2_a.png, ./Figures/SRQ_2_d.png, ./Figures/SRQ_3_d.png, ./Figures/SRQ_3_c.png, ./Figures/SRQ_3_b.png, ./Figures/SRQ_3_a.png, ./Figures/SRQ_4_c.png, ./Figures/SRQ_4_a.png, ./Figures/SRQ_4_b.png, ./Figures/SRQ_4_d.png, ./Figures/SRQ_5_a.png, ./Figures/SRQ_5_c.png, ./Figures/SRQ_5_d.png, ./Figures/SRQ_5_b.png, ./Figures/SRQ_6_d.png, ./Figures/SRQ_6_c.png, ./Figures/SRQ_6_a.png, ./Figures/SRQ_6_b.png, ./Figures/SRQ_7_c.png, ./Figures/SRQ_7_d.png, ./Figures/SRQ_7_a.png, ./Figures/SRQ_7_b.png, ./Figures/SRQ_8_a.png, ./Figures/SRQ_8_b.png, ./Figures/SRQ_8_c.png, ./Figures/SRQ_8_d.png, ./Figures/SRQ_9_d.png, ./Figures/SRQ_9_c.png, ./Figures/SRQ_9_a.png, ./Figures/SRQ_9_b.png","c, d, a, d, b, b, b, d, b","3, 3, 3, 4, 4, 4, 5, 5, 5","1, 1, 1, 1, 1, 1, 0, 0, 1","6.898993968963623, 12.575982332229614, 7.618584156036377, 15.77850079536438, 13.679140329360962, 19.628685474395752, 14.7765634059906, 17.177735328674316, 8.043062210083008",Never(0 days per week),5
2024-3-14 上午02:24:32,RLLY,20,Female,6,81.18587589,"./Figures/SRQ_1.png, ./Figures/SRQ_2.png, ./Figures/SRQ_3.png, ./Figures/SRQ_4.png, ./Figures/SRQ_5.png, ./Figures/SRQ_6.png, ./Figures/SRQ_7.png, ./Figures/SRQ_8.png, ./Figures/SRQ_9.png","./Figures/SRQ_1_a.png, ./Figures/SRQ_1_b.png, ./Figures/SRQ_1_d.png, ./Figures/SRQ_1_c.png, ./Figures/SRQ_2_c.png, ./Figures/SRQ_2_b.png, ./Figures/SRQ_2_a.png, ./Figures/SRQ_2_d.png, ./Figures/SRQ_3_d.png, ./Figures/SRQ_3_c.png, ./Figures/SRQ_3_b.png, ./Figures/SRQ_3_a.png, ./Figures/SRQ_4_c.png, ./Figures/SRQ_4_a.png, ./Figures/SRQ_4_b.png, ./Figures/SRQ_4_d.png, ./Figures/SRQ_5_a.png, ./Figures/SRQ_5_c.png, ./Figures/SRQ_5_d.png, ./Figures/SRQ_5_b.png, ./Figures/SRQ_6_d.png, ./Figures/SRQ_6_c.png, ./Figures/SRQ_6_a.png, ./Figures/SRQ_6_b.png, ./Figures/SRQ_7_c.png, ./Figures/SRQ_7_d.png, ./Figures/SRQ_7_a.png, ./Figures/SRQ_7_b.png, ./Figures/SRQ_8_a.png, ./Figures/SRQ_8_b.png, ./Figures/SRQ_8_c.png, ./Figures/SRQ_8_d.png, ./Figures/SRQ_9_d.png, ./Figures/SRQ_9_c.png, ./Figures/SRQ_9_a.png, ./Figures/SRQ_9_b.png","c, d, a, d, b, b, b, d, b","3, 3, 3, 4, 4, 4, 5, 5, 5","1, 1, 1, 1, 1, 0, 0, 0, 1","12.245370864868164, 10.492576837539673, 6.679460048675537, 14.177817583084106, 11.96039891242981, 7.278455495834351, 6.551453113555908, 8.774530172348022, 3.025812864303589",Often(3-4 days per week),4
2024-3-14 上午02:40:58,HBDJ,21,Female,7,108.2660098,"./Figures/SRQ_1.png, ./Figures/SRQ_2.png, ./Figures/SRQ_3.png, ./Figures/SRQ_4.png, ./Figures/SRQ_5.png, ./Figures/SRQ_6.png, ./Figures/SRQ_7.png, ./Figures/SRQ_8.png, ./Figures/SRQ_9.png","./Figures/SRQ_1_a.png, ./Figures/SRQ_1_b.png, ./Figures/SRQ_1_d.png, ./Figures/SRQ_1_c.png, ./Figures/SRQ_2_c.png, ./Figures/SRQ_2_b.png, ./Figures/SRQ_2_a.png, ./Figures/SRQ_2_d.png, ./Figures/SRQ_3_d.png, ./Figures/SRQ_3_c.png, ./Figures/SRQ_3_b.png, ./Figures/SRQ_3_a.png, ./Figures/SRQ_4_c.png, ./Figures/SRQ_4_a.png, ./Figures/SRQ_4_b.png, ./Figures/SRQ_4_d.png, ./Figures/SRQ_5_a.png, ./Figures/SRQ_5_c.png, ./Figures/SRQ_5_d.png, ./Figures/SRQ_5_b.png, ./Figures/SRQ_6_d.png, ./Figures/SRQ_6_c.png, ./Figures/SRQ_6_a.png, ./Figures/SRQ_6_b.png, ./Figures/SRQ_7_c.png, ./Figures/SRQ_7_d.png, ./Figures/SRQ_7_a.png, ./Figures/SRQ_7_b.png, ./Figures/SRQ_8_a.png, ./Figures/SRQ_8_b.png, ./Figures/SRQ_8_c.png, ./Figures/SRQ_8_d.png, ./Figures/SRQ_9_d.png, ./Figures/SRQ_9_c.png, ./Figures/SRQ_9_a.png, ./Figures/SRQ_9_b.png","c, d, a, d, b, b, b, d, b","3, 3, 3, 4, 4, 4, 5, 5, 5","1, 1, 0, 1, 1, 1, 1, 0, 1","8.047390460968018, 12.247583389282227, 14.902999639511108, 11.563036441802979, 10.929203748703003, 8.621852159500122, 12.962029933929443, 17.90974473953247, 11.0821692943573",Sometime(1-2 days per week),6
2024-3-4 下午02:21:44,LJOB,20,Female,3,202.4582455,"./Figures/SRQ_1.png, ./Figures/SRQ_2.png, ./Figures/SRQ_3.png, ./Figures/SRQ_4.png, ./Figures/SRQ_5.png, ./Figures/SRQ_6.png, ./Figures/SRQ_7.png, ./Figures/SRQ_8.png, ./Figures/SRQ_9.png","./Figures/SRQ_1_a.png, ./Figures/SRQ_1_b.png, ./Figures/SRQ_1_d.png, ./Figures/SRQ_1_c.png, ./Figures/SRQ_2_c.png, ./Figures/SRQ_2_b.png, ./Figures/SRQ_2_a.png, ./Figures/SRQ_2_d.png, ./Figures/SRQ_3_d.png, ./Figures/SRQ_3_c.png, ./Figures/SRQ_3_b.png, ./Figures/SRQ_3_a.png, ./Figures/SRQ_4_c.png, ./Figures/SRQ_4_a.png, ./Figures/SRQ_4_b.png, ./Figures/SRQ_4_d.png, ./Figures/SRQ_5_a.png, ./Figures/SRQ_5_c.png, ./Figures/SRQ_5_d.png, ./Figures/SRQ_5_b.png, ./Figures/SRQ_6_d.png, ./Figures/SRQ_6_c.png, ./Figures/SRQ_6_a.png, ./Figures/SRQ_6_b.png, ./Figures/SRQ_7_c.png, ./Figures/SRQ_7_d.png, ./Figures/SRQ_7_a.png, ./Figures/SRQ_7_b.png, ./Figures/SRQ_8_a.png, ./Figures/SRQ_8_b.png, ./Figures/SRQ_8_c.png, ./Figures/SRQ_8_d.png, ./Figures/SRQ_9_d.png, ./Figures/SRQ_9_c.png, ./Figures/SRQ_9_a.png, ./Figures/SRQ_9_b.png","c, d, a, d, b, b, b, d, b","3, 3, 3, 4, 4, 4, 5, 5, 5","0, 0, 1, 0, 1, 1, 0, 0, 0","11.318700075149536, 16.139545440673828, 25, 25, 25, 25, 25, 25, 25",Sometime(1-2 days per week),4
2024-3-4 下午02:31:00,MMMM,25,Female,1,157.1838739,"./Figures/SRQ_1.png, ./Figures/SRQ_2.png, ./Figures/SRQ_3.png, ./Figures/SRQ_4.png, ./Figures/SRQ_5.png, ./Figures/SRQ_6.png, ./Figures/SRQ_7.png, ./Figures/SRQ_8.png, ./Figures/SRQ_9.png","./Figures/SRQ_1_a.png, ./Figures/SRQ_1_b.png, ./Figures/SRQ_1_d.png, ./Figures/SRQ_1_c.png, ./Figures/SRQ_2_c.png, ./Figures/SRQ_2_b.png, ./Figures/SRQ_2_a.png, ./Figures/SRQ_2_d.png, ./Figures/SRQ_3_d.png, ./Figures/SRQ_3_c.png, ./Figures/SRQ_3_b.png, ./Figures/SRQ_3_a.png, ./Figures/SRQ_4_c.png, ./Figures/SRQ_4_a.png, ./Figures/SRQ_4_b.png, ./Figures/SRQ_4_d.png, ./Figures/SRQ_5_a.png, ./Figures/SRQ_5_c.png, ./Figures/SRQ_5_d.png, ./Figures/SRQ_5_b.png, ./Figures/SRQ_6_d.png, ./Figures/SRQ_6_c.png, ./Figures/SRQ_6_a.png, ./Figures/SRQ_6_b.png, ./Figures/SRQ_7_c.png, ./Figures/SRQ_7_d.png, ./Figures/SRQ_7_a.png, ./Figures/SRQ_7_b.png, ./Figures/SRQ_8_a.png, ./Figures/SRQ_8_b.png, ./Figures/SRQ_8_c.png, ./Figures/SRQ_8_d.png, ./Figures/SRQ_9_d.png, ./Figures/SRQ_9_c.png, ./Figures/SRQ_9_a.png, ./Figures/SRQ_9_b.png","c, d, a, d, b, b, b, d, b","3, 3, 3, 4, 4, 4, 5, 5, 5","0, 0, 0, 0, 0, 0, 0, 0, 1","16.78502082824707, 7.629998207092285, 25, 16.660111665725708, 17.334664344787598, 12.228394746780396, 23.91548466682434, 17.78065276145935, 19.849546670913696",Sometime(1-2 days per week),3